{"type": "block", "layer": 31, "block": 0, "features": [{"geom": {"polygons": [[[[18.219423503692123, 18.465661177998857], [19.213093422961492, 18.057599832409846], [19.042024419041415, 17.362632003964382], [19.63007412003267, 17.148795749058728], [19.352086988655593, 16.32552616766765], [19.870639906794253, 16.18653260197911], [20.661834049942694, 18.057599832409846], [21.132273810742376, 18.2714360873155], [21.44233638035655, 18.153826147118355], [22.69862437792627, 18.795334911835326], [24.646822396502476, 15.325706447909141], [25.189816747585414, 16.763890490227435], [26.851363680642628, 20.18081654560285], [27.12102210133501, 19.22255355297067], [27.96213527264806, 16.25824739968155], [28.684691035820464, 13.657628398600798], [28.748665235182724, 13.38551279005516], [22.602936858700705, 15.750155521246157], [22.433157229360347, 15.345296405139013], [20.111747297492812, 16.194194551815823], [19.863607839232966, 15.515076034473818], [19.089804528625276, 15.81545537868369], [18.86125502759529, 15.188576747291716], [17.16971614748114, 15.811542371738053], [18.219423503692123, 18.465661177998857]]]], "centroids": [[23.65652378393259, 16.503174307719, 0.0]], "h": 0.0}, "mtl": 0}, {"geom": {"polygons": [[[[20.840434117563277, 20.694814400505134], [20.398997133489782, 21.51732008262852], [22.184529861699364, 22.361973289385976], [22.96745948759171, 24.41531702525782], [26.159428695611442, 24.41531702525782], [26.275604795109807, 24.01008735482428], [26.317601059870064, 23.94040393768866], [26.293124635313703, 23.958389808776452], [26.264972837085466, 23.970197924140663], [26.234631454558865, 23.9752026882663], [26.203977274270596, 23.97293490452196], [26.17480888333359, 23.96370737066098], [26.148690270545117, 23.94798928332031], [26.127341823561025, 23.926640836336215], [26.112249331732585, 23.901695215134563], [26.10356919395175, 23.874090812989255], [26.101927005719638, 23.844609624296137], [26.069070284675945, 23.809495263527186], [26.03819446252902, 23.77649791248657], [26.00278376354336, 23.745624647852555], [25.97899748681598, 23.72488628241629], [25.878792608772237, 23.585723913032478], [25.78875365668264, 23.521246683475855], [25.3824139628398, 23.22988383035413], [24.89579382765692, 22.94640370863801], [24.45121503722085, 22.69046409665403], [23.934049935622415, 22.41363973217127], [20.840434117563277, 20.694814400505134]]]], "centroids": [[23.445300924915212, 22.984161139122744, 0.0]], "h": 0.0}, "mtl": 0}, {"geom": {"polygons": [[[[15.86740355809444, -16.234046504399167], [18.2453046866768, -15.681795426223399], [17.929271919449008, -16.519346697418555], [19.19871465344113, -16.97308847000449], [18.523996470998718, -17.311908856496284], [17.797850325326834, -17.373767542303224], [17.591247406153766, -17.395819784242747], [17.435786920425144, -17.42647396452824], [17.286034993774802, -17.46791966746641], [14.092897922648906, -19.037600966729233], [15.927274408161606, -16.895632944959647], [15.86740355809444, -16.234046504399167]]]], "centroids": [[16.74830082627501, -17.09347956637023, 0.0]], "h": 0.0}, "mtl": 0}]}