{"type": "block", "layer": 37, "block": 0, "features": [{"geom": {"polygons": [[[[-28.58200264631051, -0.4796388312513822], [-28.57418270235761, -0.5013782754320099], [-28.575199295077493, -0.5233523179338925], [-28.57996946088187, -0.5372718181643946], [-28.59255957063916, -0.5547884926152337], [-29.133621492574157, -1.1297889712888258], [-29.779157865685303, -1.8158326540586542], [-29.875655974027694, -1.9069350010816515], [-30.104311135143057, -2.1377015470577403], [-30.30356330699461, -2.303640757685697], [-30.55106453302292, -2.455504069202317], [-30.84259204350097, -2.5486396016511828], [-31.02088676556497, -2.5890687118750293], [-31.54943677717754, -2.508132291989693], [-32.3800712235857, -1.9939709772501426], [-32.13045861269389, -1.2308226471282349], [-31.817895452993415, -1.1863271660498764], [-31.469751548319447, -1.1640403257918774], [-31.31350906819776, -1.1615379437290592], [-31.10792274173346, -1.1509028199544449], [-31.059126291490447, -1.1918793262556602], [-30.857762734764272, -1.1918793262556602], [-30.83352090851249, -1.179289216492818], [-30.80927908227182, -1.1666209072951141], [-30.763923407351644, -1.1387037073936914], [-30.72857726070496, -1.1093789175758553], [-30.693465712362865, -1.073172577087354], [-30.613467685754216, -0.9909849661664438], [-30.505943456429552, -0.8806455570284129], [-30.323973360704805, -0.6949218882052755], [-30.152012793231332, -0.48542558977564243], [-30.024078510207598, -0.31385601950148106], [-30.005154245848676, -0.2892231960559462], [-29.92546901699058, -0.18537434039760245], [-29.845783788132486, -0.07347094246509983], [-29.69892524074983, 0.12132386133818572], [-29.619787407969113, 0.24175099817624074], [-29.55316148551081, 0.3303509631364224], [-29.526417277198984, 0.34552165439972027], [-29.496545091314896, 0.3470074437482168], [-29.46456152055618, 0.33738891269070265], [-29.437817312244363, 0.317213457296206], [-29.40849252242652, 0.2819455100816109], [-29.394807620514495, 0.2655236277855147], [-29.36861080828005, 0.239483214431899], [-29.341788400533364, 0.21391199771245523], [-29.29729291945222, 0.1810682331202574], [-29.24012912917894, 0.15166524386756253], [-29.174050602798008, 0.11678829384950222], [-29.110630857357954, 0.07276200940809435], [-29.038765572452764, 0.011531848274745049], [-28.94437884897388, -0.0578310545648489], [-28.880411707456453, -0.11554224091827969], [-28.816991962016402, -0.2055497957865396], [-28.758264182956978, -0.3093204520100191], [-28.730972578567787, -0.34020923061399166], [-28.719946457596635, -0.3498277616742869], [-28.672244799497253, -0.39792041697020086], [-28.58200264631051, -0.4796388312513822]]]], "centroids": [[-30.43934937381298, -1.3263554697191038, 0.0]], "h": 0.0}, "mtl": 0}]}