{"type": "block", "layer": 38, "block": 1, "features": [{"geom": {"polygons": [[[[-22.845839160361752, 3.245782466731], [-22.83066846908734, 3.2927803298721763], [-22.755127810532507, 3.2700242929772267], [-22.77029850179581, 3.2230264298360503], [-22.845839160361752, 3.245782466731]]]], "centroids": [[-22.800483485441575, 3.2579033798541106, 0.0]], "h": 0.0}, "mtl": 0}, {"geom": {"polygons": [[[[-21.18848023949966, 3.6794765582221727], [-21.198880764958584, 3.683230131317787], [-21.207169905542884, 3.6889386904016312], [-21.21483345061495, 3.696133038836743], [-21.219290818668775, 3.7073937581235956], [-21.218039627633196, 3.71802888189821], [-21.20779550106623, 3.730462592777437], [-21.2026343380542, 3.7541570229490686], [-21.202321540292523, 3.7683111214980474], [-21.2026343380542, 3.778946245272667], [-21.20130494758376, 3.792083751107321], [-21.196221984017704, 3.8066288468556104], [-21.191295419321378, 3.8176549678239837], [-21.179956500599666, 3.832669260212007], [-21.170807166176324, 3.8436171817427383], [-21.15696586538346, 3.855503496547375], [-21.144141157310475, 3.8653566259233685], [-21.126624482856858, 3.874114963147395], [-21.103399249324955, 3.8807619155051456], [-21.091903931711297, 3.8815439099009907], [-21.06633271500019, 3.874975156983664], [-20.987351281100295, 3.8136667964098905], [-20.947156769192148, 3.7809794306957536], [-20.944185190489602, 3.770266107486278], [-20.949815550133028, 3.75470441902644], [-21.0250434109373, 3.643817613808262], [-21.0397449055692, 3.643661214927425], [-21.056323186737803, 3.6530451476692414], [-21.075873046620064, 3.6691542322064508], [-21.093467920508544, 3.6801021537371814], [-21.108560412325872, 3.6859671116990818], [-21.1279538733273, 3.6869055049729824], [-21.146408941054816, 3.685185117306012], [-21.16212702839549, 3.6834647296362606], [-21.17800151460588, 3.6792419599009176], [-21.18848023949966, 3.6794765582221727]]]], "centroids": [[-21.08581892962648, 3.7635275909853685, 0.0]], "h": 0.0}, "mtl": 0}, {"geom": {"polygons": [[[[-21.606769041411848, 3.6300545124558177], [-21.594804527166794, 3.6274739309498027], [-21.581354223570465, 3.622860164020701], [-21.543896692049163, 3.6045614951767924], [-21.530133590702278, 3.596350554030132], [-21.516057691582603, 3.5825092532372698], [-21.50714295548607, 3.5710139356291677], [-21.50245098911655, 3.558658424187583], [-21.50151259584264, 3.545442718912505], [-21.507455753236627, 3.530506625964905], [-21.517074284302478, 3.5167435246124614], [-21.531697579488412, 3.5067339963556314], [-21.553749821430713, 3.5056392042036695], [-21.575098268414806, 3.510174771695129], [-21.60747283637005, 3.5242506708036894], [-21.632027460372395, 3.5384829687958677], [-21.65110812361215, 3.5564688398808784], [-21.65924086531561, 3.573594517132407], [-21.66049205635119, 3.591345789898944], [-21.65517449446944, 3.604796093495272], [-21.642427985831315, 3.6189501920442506], [-21.625224109139367, 3.6283341247860665], [-21.606769041411848, 3.6300545124558177]]]], "centroids": [[-21.581078707637403, 3.567390193433564, 0.0]], "h": 0.0}, "mtl": 0}, {"geom": {"polygons": [[[[-21.11450356973097, -10.729708563705238], [-21.12185431704136, -10.713599479168034], [-21.122558111999567, -10.696004605279555], [-21.11661495459447, -10.679426324105398], [-21.104728639795393, -10.666054219949487], [-21.088619555258187, -10.657843278800051], [-21.070477285292338, -10.655888292811822], [-21.04975443382047, -10.661987849094977], [-21.025903604776342, -10.664959427794747], [-21.001114382447188, -10.654871700100278], [-20.985709092868188, -10.643063584733282], [-20.966628429628436, -10.638684416122656], [-20.950362946210394, -10.641264997625893], [-20.936130648220995, -10.649397739334914], [-20.92588652165403, -10.661909649657337], [-20.920959956957695, -10.677080340920638], [-20.921976549677574, -10.692954827139365], [-20.928858100345465, -10.707499922887658], [-20.94058801627482, -10.718526043856029], [-20.955680508103256, -10.724860198454882], [-20.972024190956162, -10.725563993413086], [-20.987585879416, -10.720637428722315], [-21.010654714067062, -10.722123218073587], [-21.037946318456257, -10.73479152727407], [-21.05186581869509, -10.745035653849376], [-21.068678698179394, -10.74996221853737], [-21.08619537263301, -10.74878922694499], [-21.102148058289377, -10.741751277390708], [-21.11450356973097, -10.729708563705238]]]], "centroids": [[-21.023586016401474, -10.693573855976231, 0.0]], "h": 0.0}, "mtl": 0}, {"geom": {"polygons": [[[[-20.956149704734656, -12.32388233743737], [-20.802487806107866, -12.260149794241201], [-20.77480520452214, -12.322318348648455], [-20.92846710314893, -12.386129091282264], [-20.956149704734656, -12.32388233743737]]]], "centroids": [[-20.865490601242264, -12.323126522904724, 0.0]], "h": 0.0}, "mtl": 0}, {"geom": {"polygons": [[[[-11.2611395938781, -4.778809416874558], [-11.248549484120812, -4.765671911037122], [-11.232284000702775, -4.761605540182611], [-11.215001924575969, -4.76512451496253], [-11.200847826021432, -4.771771467320278], [-11.1850515392459, -4.787411355220528], [-11.169880847982599, -4.794527504215227], [-11.147359409408903, -4.800548861055185], [-11.133674507485763, -4.808212406127253], [-11.123195782591983, -4.820333319250366], [-11.122179189883214, -4.838553788653854], [-11.130546529913488, -4.854193676554107], [-11.144153232379544, -4.85982403620031], [-11.166205474321844, -4.859276640125716], [-11.199205637789323, -4.847155726999827], [-11.217035110004614, -4.838006392579263], [-11.233300593422651, -4.836989799864941], [-11.243310121673927, -4.843636752222687], [-11.245890703179938, -4.853724479917155], [-11.241198736810421, -4.870928356609099], [-11.231736604625404, -4.87851370224075], [-11.219146494868115, -4.87851370224075], [-11.204992396313585, -4.880546887669394], [-11.177231595292996, -4.8921986041555545], [-11.169333451905228, -4.904319517278668], [-11.175667606506861, -4.915971233764829], [-11.190838297770162, -4.924573172108021], [-11.232831396780146, -4.943810234228611], [-11.253788846567703, -4.94279364151429], [-11.271618318771882, -4.930672728391175], [-11.2889003949098, -4.902833727927393], [-11.295234549500321, -4.873430738674696], [-11.30203790074446, -4.857243454697073], [-11.319319976871267, -4.850205505142792], [-11.345047592474323, -4.844575145496591], [-11.355526317368103, -4.835504010516446], [-11.35763770223161, -4.811731380907172], [-11.348722966123963, -4.8031294425612], [-11.334490668134567, -4.798593875066961], [-11.311421833483498, -4.809150799401157], [-11.293123164636814, -4.816814344473226], [-11.276310285141399, -4.814781159044583], [-11.268959537831009, -4.804615231909694], [-11.265284164170254, -4.791477726072261], [-11.2611395938781, -4.778809416874558]]]], "centroids": [[-11.235512311757834, -4.847301025232118, 0.0]], "h": 0.0}, "mtl": 0}, {"geom": {"polygons": [[[[-29.31144701800676, -0.6121868812097723], [-29.257176606990047, -0.5038806574976066], [-29.23825234263113, -0.5031768625394012], [-29.23035419924337, -0.49207254213338786], [-29.14847938607579, -0.2953227523390986], [-29.08850041598079, -0.31823518811210905], [-29.073564323033185, -0.2860952184781166], [-29.005296212342778, -0.31385601950148106], [-29.085372438397407, -0.49778110121722985], [-29.123690163757754, -0.5863810661718547], [-29.1664652571608, -0.6845995621923316], [-29.168263844273746, -0.7091541861946725], [-29.212368328158355, -0.6969550736339191], [-29.25060785407272, -0.6747464328135598], [-29.28728339120095, -0.6418244687837221], [-29.31144701800676, -0.6121868812097723]]]], "centroids": [[-29.160427320943683, -0.4947715250128505, 0.0]], "h": 0.0}, "mtl": 0}, {"geom": {"polygons": [[[[-4.191910262697079, 5.373276417882857], [-4.130992899328179, 5.398691235721459], [-4.109644452344085, 5.351067777062498], [-4.170561815712986, 5.325652959226672], [-4.191910262697079, 5.373276417882857]]]], "centroids": [[-4.15077735750391, 5.362172097474065, 0.0]], "h": 0.0},