{"type": "block", "layer": 41, "block": 0, "features": [{"geom": {"polygons": [[[[0.8440554419828605, 10.459758960403182], [0.845619430780109, 10.285296010869676], [0.8021405424188499, 10.115916024904994], [0.7164339567207967, 9.962332325718625], [0.5938172355788196, 9.834085244930444], [0.4420321234998359, 9.739307524252245], [0.27054075266886857, 9.683942321083572], [0.0902128451651163, 9.671430410761147], [-0.08769087970234568, 9.702631987124017], [-0.2519879021037563, 9.775513864740747], [-0.39227769656907663, 9.885540476125438], [-0.4998801253285945, 10.025830270596316], [-0.56791363770331, 10.18746851205129], [-0.5920772645091166, 10.360367472793106], [-0.5550107301843521, 10.530529453153632], [-0.5020697096380755, 10.66299930367716], [-0.37515201932310505, 10.827921921590796], [-0.2518315032229157, 10.930597785659538], [-0.09543262422038734, 11.004496255990594], [0.07762273540782294, 11.060799852433169], [0.25810704178130806, 11.05133772025371], [0.4306150053321467, 10.99894409578481], [0.5841205050781006, 10.906746956609846], [0.7090050099644252, 10.780611260690726], [0.7975267754841919, 10.628435151415212], [0.8440554419828605, 10.459758960403182]]]], "centroids": [[0.13491362401925056, 10.36099542378739, 0.0]], "h": 0.0}, "mtl": 0}, {"geom": {"polygons": [[[[6.088735450654925, 15.799294889190936], [6.8048859176356835, 14.726085781436938], [7.515015027776473, 13.66194780866309], [4.427544757273472, 11.88079917507502], [3.65563808992474, 11.168324081752267], [3.169002977887281, 10.43966170445189], [0.5178073803814742, 12.62564883635302], [1.8434442788573646, 13.823898847876956], [3.085173178737033, 14.358235618008221], [3.974457204780868, 14.860197820184244], [4.645642994049082, 15.669796617372738], [6.088735450654925, 15.799294889190936]]]], "centroids": [[4.07820076442611, 13.317570301035442, 0.0]], "h": 0.0}, "mtl": 0}, {"geom": {"polygons": [[[[2.486321871016517, -12.589213035708742], [2.460125058782059, -12.661469317810464], [2.4306438700945066, -12.702915020745857], [2.4150039821886904, -12.712142554606839], [2.3928735408115354, -12.710656765255564], [2.371368694946596, -12.699396045968717], [2.344624486634783, -12.66240771108437], [2.2086356613313263, -12.284391620520765], [2.054191768311464, -11.852261517821285], [1.9074114203636805, -11.325979289955843], [1.8696410910807093, -11.103267286248359], [1.846572256429635, -10.9373280756204], [1.8444608715661337, -10.601305084072335], [1.9157787603939491, -10.204521128025096], [2.4223547294990877, -10.224696583419586], [2.985547092811258, -10.277324806204188], [3.143197162849365, -10.327841644125279], [3.3632503856187546, -10.406823078025166], [3.298032053065758, -10.603260070057784], [3.094635310922045, -11.109366842528733], [2.914620201179974, -11.631582699539667], [2.619964713129652, -12.218625891895954], [2.486321871016517, -12.589213035708742]]]], "centroids": [[2.4915883539841865, -11.152155029309746, 0.0]], "h": 0.0}, "mtl": 0}, {"geom": {"polygons": [[[[-18.892388296726125, -7.0036616702384045], [-18.66005776196112, -6.803080107910862], [-18.463229772723626, -6.679055796858024], [-18.290018014225684, -6.53868780294673], [-18.06582022116414, -6.625958377433695], [-18.068009805473622, -6.761790803853527], [-17.99888150095528, -6.925853227933676], [-17.56268502739295, -7.832732127863182], [-17.530701456634233, -7.9090547808194165], [-17.498561487005798, -7.9926499816484045], [-17.47283387140274, -8.088287896162866], [-17.460009163329758, -8.167191130622335], [-17.470800685974098, -8.245703367885268], [-17.500907470185002, -8.351976406171568], [-17.604678126414044, -8.636153169330878], [-17.653943773299563, -8.750324351004945], [-17.73972855843248, -8.61621231225764], [-17.815660214194956, -8.466694983923004], [-17.998255905431936, -8.141150717268719], [-18.240126771816822, -7.638797517890606], [-18.334435295860846, -7.472545509506533], [-18.46972032620609, -7.315521034980663], [-18.622834828755515, -7.177420824819268], [-18.892388296726125, -7.0036616702384045]]]], "centroids": [[-18.055509365803484, -7.503632223219869, 0.0]], "h": 0.0}, "mtl": 0}, {"geom": {"polygons": [[[[28.473403208178283, -5.315257571902667], [28.49217107366747, -5.286010981530806], [28.546519684119055, -5.266773919410219], [28.642313997514346, -5.243939683074851], [28.748196038595786, -5.226501208067209], [28.852357692021357, -5.2243898231981465], [28.814587362738386, -5.315179372462249], [28.74694484757132, -5.334651032898537], [28.66428804001068, -5.35584308100735], [28.607202449172252, -5.359283856344073], [28.55621641461976, -5.349899923602257], [28.513128523455034, -5.335511226734801], [28.473403208178283, -5.315257571902667]]]], "centroids": [[28.67105911316836, -5.292064068642974, 0.0]], "h": 0.0}, "mtl": 0}, {"geom": {"polygons": [[[[34.24600763293958, -16.55955497821619], [34.74617124800823, -16.557521792790325], [34.760950942075, -16.663794831073844], [34.251403394267314, -16.83286201928241], [34.24600763293958, -16.55955497821619]]]], "centroids": [[34.464816404980844, -16.660159583126145, 0.0]], "h": 0.0}, "mtl": 0}, {"geom": {"polygons": [[[[-16.258318376466292, -7.077090943935286], [-14.545046856366495, -6.400118396145603], [-14.260557295448278, -6.2876676021385105], [-14.130042430918532, -6.595304197148199], [-14.750163986188285, -6.840303041116464], [-15.283327764724408, -7.050972331141255], [-15.705448339167072, -7.217771735602696], [-16.127803511936545, -7.384727538944977], [-16.258318376466292, -7.077090943935286]]]], "centroids": [[-15.194185299629215, -6.836188227269994, 0.0]], "h": 0.0}, "mtl": 0}, {"geom": {"polygons": [[[[-1.4297496604771143, -4.91049727303002], [-1.382751797335935, -4.907212896568578], [-1.3420880887963893, -4.9160494332358065], [-1.3072111387699925, -4.934739099276247], [-1.266703829111282, -4.990808097400345], [-1.058458721706107, -5.441393267824567], [-1.050169581121807, -5.478381602708914], [-1.0561127385268987, -5.513962347682403], [-1.0749588034509594, -5.543521735815938], [-1.106551377002024, -5.567763562062162], [-1.4296714610422478, -5.697965628835792], [-1.474010543231441, -5.704221583997006], [-1.5161600411333742, -5.694994050136024], [-1.5409492634514133, -5.667467847431133], [-1.7494289691722842, -5.138135841428282], [-1.7475521826244733, -5.092858365954078], [-1.7340236795821695, -5.052116457971336], [-1.7115804404544466, -5.025294050221875], [-1.4297496604771143, -4.91049727303002]]]], "centroids": [[-1.407904366104279, -5.303203553409685, 0.0]], "h": 0.0}, "mtl": 0}, {"geom": {"polygons": [[[[-5.293271168621, -4.297570066195402], [-5.159080930430493, -4.277316411363269], [-5.077675313905427, -4.465777060570479], [-5.318451388146683, -4.459521105409266], [-5.293271168621, -4.297570066195402]]]], "centroids": [[-5.2081460471046555, -4.382867073547295, 0.0]], "h": 0.0}, "mtl": 0}, {"geom": {"polygons": [[[[-3.860735636343798, -2.10329379370719], [-3.1014190787634623, -2.3138066848539234], [-3.711609305205693, -2.5612297114418063], [-3.860735636343798, -2.10329379370719]]]], "centroids": [[-3.5579213400857954, -2.3261100633343066, 0.0]], "h": 0.0}, "mtl": 0}, {"geom": {"polygons": [[[[-5.410179330684695, -2.061378894134847], [-5.062113625445591, -1.5165633991070193], [-4.512058767979194, -1.2659341954953343], [-4.387174263081755, -1.465655563989392], [-4.357849473275033, -1.700488480822768], [-4.479449601697139, -1.5426038124634134], [-4.575947710050643, -1.534471070754393], [-4.424944592364732, -1.9798168787289454], [-4.894766824906776, -1.9514304821905695], [-5.410179330684695, -2.061378894134847]]]], "centroids": [[-4.818164037464717, -1.7011986431508954, 0.0]], "h": 0.0}, "mtl": 0}, {"geom": {"polygons": [[[[-4.458492151909576, -1.2753963276775713], [-4.324301913730189, -1.247009931136417], [-4.047397698438066, -1.8178658395178575], [-4.1396730370534485, -1.8137994686605703], [-4.303266264496653, -1.4454019091572583], [-4.387174263081755, -1.465655563989392], [-4.458492151909576, -1.2753963276775713]]]],