{"type": "block", "layer": 42, "block": 0, "features": [{"geom": {"polygons": [[[[12.350633768394559, 6.946805539555764], [12.115722652123528, 6.726126721276921], [11.583028070218804, 6.38001600203161], [11.452982402331568, 6.724093535848277], [10.85311450189117, 6.586462522321057], [10.668485625225543, 6.829349981420253], [10.228066381936197, 8.254300168068543], [10.068617724785145, 8.327182045685275], [10.039292934967303, 8.485066714041853], [10.320341720551573, 8.78464876678294], [10.349666510358302, 8.938467064290565], [9.993155265665166, 10.100276137001963], [10.04343750527057, 10.154937545215208], [10.454531958742075, 8.94863299142545], [10.542662727065311, 8.867618372099695], [10.681075734982826, 8.940500249716427], [10.781718413628482, 8.944566620570939], [10.861481841921439, 8.770494668233962], [11.104760298211625, 8.782615581357073], [11.32496991986185, 8.857530644402448], [11.668969254243667, 8.993128472503805], [12.350633768394559, 6.946805539555764]]]], "centroids": [[11.200369872074468, 7.794301443869178, 0.0]], "h": 0.0}, "mtl": 0}, {"geom": {"polygons": [[[[-3.6069002557138576, -4.457487919980622], [-2.610404798107041, -4.031379174121104], [-2.868619347355944, -4.416980610319135], [-2.9567501156791742, -4.457487919980622], [-3.6069002557138576, -4.457487919980622]]]], "centroids": [[-3.0387574061510323, -4.3143948776357925, 0.0]], "h": 0.0}, "mtl": 0}, {"geom": {"polygons": [[[[-7.91568937239745, 4.092213199892444], [-7.540410262215125, 4.334787861235524], [-7.226204914282541, 3.8401764063698995], [-7.713231023516531, 3.6370142625418955], [-7.449855311266718, 3.0599805984368813], [-7.738567641923055, 2.9426032397417945], [-7.838897522807042, 3.149597156111388], [-7.918348153338322, 3.121836355085245], [-8.060358335481732, 3.453401978585042], [-7.761401878258423, 3.5760968991674384], [-7.98685086234443, 4.044746140114315], [-7.91568937239745, 4.092213199892444]]]], "centroids": [[-7.676732494061839, 3.6711096424178122, 0.0]], "h": 0.0}, "mtl": 0}]}