{"type": "block", "layer": 43, "block": 0, "features": [{"geom": {"polygons": [[[[-17.640493469703234, -7.953550261903329], [-17.52561849306818, -8.232722260934226], [-17.782347252965806, -8.331097155829983], [-17.897144030154887, -8.051925156801865], [-17.640493469703234, -7.953550261903329]]]], "centroids": [[-17.71139630950474, -8.142329070894109, 0.0]], "h": 0.0}, "mtl": 0}]}