{"type": "block", "layer": 52, "block": 0, "features": [{"geom": {"lines": [[[14.333458756464967, 6.292119832018523, 0.0], [15.768496670813315, 10.045692928223582, 0.0], [15.713835262600073, 10.065008189779029, 0.0], [14.278797348251715, 6.311356894139108, 0.0], [14.333458756464967, 6.292119832018523, 0.0]]]}, "mtl": 0}, {"geom": {"lines": [[[7.84861383669937, -0.7824270610496095, 0.0], [7.362838918500958, -0.9889517807794738, 0.0]]]}, "mtl": 0}]}