{"type": "block", "layer": 57, "block": 0, "features": [{"geom": {"lines": [[[-2.306130779001986, 13.158499817127458, 0.0], [-1.6579356249499688, 13.479899513489594, 0.0]]]}, "mtl": 0}, {"geom": {"lines": [[[-0.7067958422633358, 13.941119807685654, 0.0], [-0.6235134391904595, 14.010326311647185, 0.0], [-0.555479926815744, 14.079141818412186, 0.0], [-0.4504580795622437, 14.241014658182857, 0.0], [-0.41925650320771, 14.303026813712052, 0.0], [-0.39024451115154957, 14.375517694132249, 0.0], [-0.3782017974605201, 14.422593756713844, 0.0], [-0.3814079744787646, 14.467714833307213, 0.0], [-0.40181802818895496, 14.501027794536359, 0.0], [-0.4305172224945586, 14.525973415738013, 0.0], [-0.48775921221381746, 14.574222469911987, 0.0], [-0.5400746372367482, 14.618092355472553, 0.0], [-0.5989588151881164, 14.656488280270535, 0.0], [-0.6808336283445793, 14.69785578376829, 0.0], [-0.7614572504765771, 14.726789576386814, 0.0]]]}, "mtl": 0}, {"geom": {"lines": [[[-0.7614572504765771, 14.726789576386814, 0.0], [-0.8863417553629072, 14.73398392481915, 0.0], [-1.0287429347028476, 14.731168744997436, 0.0], [-1.3085405292404262, 14.710289494647517, 0.0], [-1.409730603963455, 14.714355865504805, 0.0], [-2.15544045907774, 14.895622166274123, 0.0], [-2.2426328341270674, 14.910792857540203, 0.0], [-2.3348299732964763, 14.919551194761453, 0.0], [-2.4058350643626216, 14.92205357682705, 0.0], [-2.4923236444648555, 14.914859228391933, 0.0], [-2.5279043894383513, 14.904615101819404, 0.0], [-2.5657529181561833, 14.879982278373866, 0.0], [-2.5863975701820694, 14.831107628682108, 0.0], [-2.5834259914795266, 14.773474641769093, 0.0], [-2.389804179271393, 14.079689214486775, 0.0], [-2.3658751507812825, 14.024715008514642, 0.0], [-2.3298252091652816, 13.975449361629124, 0.0], [-2.28376573929801, 13.935802245798344, 0.0], [-2.219563999464885, 13.916408784802474, 0.0], [-2.161696414233394, 13.911951416751434, 0.0], [-2.1183739247529756, 13.922195543326737, 0.0], [-2.05245179725288, 13.974589167795637, 0.0], [-1.909659620716403, 14.14013738122428, 0.0], [-1.8277848075488268, 14.253213770749163, 0.0], [-1.7111112438119414, 14.377550879558116, 0.0], [-1.589823913140398, 14.475143780060804, 0.0], [-1.5111552770021797, 14.523549233112835, 0.0], [-1.4122329860234928, 14.548260255996015, 0.0], [-1.2990783970665276, 14.552717624049837, 0.0], [-1.2029712859095543, 14.538172528298766, 0.0], [-1.1317315965277075, 14.515729289162708, 0.0], [-1.076366393356254, 14.481790732418549, 0.0], [-1.0227215778517762, 14.434010874881528, 0.0], [-0.9835436586635049, 14.383024840326263, 0.0], [-0.9546098660533131, 14.330865814173057, 0.0], [-0.9448349361066255, 14.261581110773884, 0.0], [-0.9662615825366982, 14.190810618023434, 0.0], [-1.0053613022901087, 14.116130153296533, 0.0], [-1.047979996812326, 14.050677222433391, 0.0], [-1.1126509332879564, 14.002506367697059, 0.0], [-1.2465283737167876, 13.9183637707907, 0.0], [-1.4060552303026996, 13.842432115031006, 0.0], [-1.7527133456253896, 13.709414868432882, 0.0], [-1.8962875165549342, 13.673443126262859, 0.0], [-2.0307905525071113, 13.659523626029578, 0.0], [-2.1561442540359463, 13.66108761482127, 0.0], [-2.2733652138502034, 13.685407640507915, 0.0], [-2.364780358626545, 13.72458555969896, 0.0], [-2.464719242313995, 13.786128518588425, 0.0], [-2.5465158560355916, 13.856038817505388, 0.0], [-2.597814688349759, 13.920240557338511, 0.0], [-2.649660916741292, 14.017598859519945, 0.0], [-2.664909807450566, 14.104478436810375, 0.0], [-2.658184655652401, 14.28034897625474, 0.0], [-2.6807842936609596, 14.363944177086509, 0.0], [-2.71190767059174, 14.414539214442463, 0.0], [-2.765474286650249, 14.447773976233972, 0.0], [-2.992565458968366, 14.470999209765875, 0.0], [-3.0524662296285032, 14.490470870204938, 0.0], [-3.0963361151862934, 14.534731752962044, 0.0], [-3.114712983478951, 14.603312661405791, 0.0], [-3.126130101646635, 14.674630550233607, 0.0], [-3.1454453632020876, 14.99556104995879, 0.0], [-3.1653080208349116, 15.035364564670406, 0.0], [-3.211054692940513, 15.068286528700241, 0.0], [-3.2762730254935093, 15.08009464406446, 0.0], [-3.3589298330430397, 15.072274700114335, 0.0], [-3.677123352386941, 14.993918861732238, 0.0], [-3.7102799147352536, 14.948954184016928, 0.0], [-3.6414644079785843, 14.656488280270535, 0.0], [-2.7884649218664515, 13.817251895510871, 0.0], [-2.622838508994607, 13.654362463023105, 0.0], [-2.4701150036417205, 13.554110781579542, 0.0], [-2.2732088149693688, 13.472157768977105, 0.0], [-2.071219662730961, 13.406313840917436, 0.0], [-1.9161501741877585, 13.395209520505862, 0.0], [-1.6579356249499688, 13.479899513489594, 0.0]]]}, "mtl": 0}, {"geom": {"lines": [[[0.5354804537048174, 14.79513588651208, 0.0], [0.464788160389229, 14.741725669328856, 0.0], [0.45649901980492347, 14.709663899135284, 0.0], [0.4676033402109425, 14.65625368195206, 0.0], [0.5146012033521163, 14.621533130812056, 0.0], [0.592096847900736, 14.610898007040218, 0.0], [0.676708641444046, 14.623800914556398, 0.0]]]}, "mtl": 0}]}