{"type": "block", "layer": 9, "block": 0, "features": [{"geom": {"lines": [[[25.649097372216367, 24.41531702525782, 0.0], [25.675896459300517, 24.319905817611872, 0.0], [25.842383066011408, 23.721367307647483, 0.0], [25.898217465814255, 23.513356798566345, 0.0], [26.296800008963338, 22.10975505890493, 0.0], [26.820579854760428, 20.29021050051888, 0.0], [27.12102210133501, 19.22255355297067, 0.0], [27.324262444608994, 18.467537964557778, 0.0], [27.475734758926308, 17.927179837581, 0.0], [27.80479800036051, 16.81189943137382, 0.0], [27.96213527264806, 16.25824739968155, 0.0], [28.117517558941817, 15.719062264299923, 0.0], [28.424919555630268, 14.637564015958848, 0.0], [28.573107493494476, 14.095016304678147, 0.0], [28.64872635149528, 13.810604943200357, 0.0], [28.748665235182724, 13.38551279005516, 0.0], [28.84797852334683, 12.941105375354512, 0.0], [28.973723222072202, 12.315509859319405, 0.0], [29.055050639162406, 11.84959759875383, 0.0], [29.129574705008476, 11.376021793116179, 0.0], [29.16617204269073, 11.07948951851528, 0.0], [29.18924087735291, 10.84668978711333, 0.0], [29.217549074450865, 10.5224749109267, 0.0], [29.256805193073998, 10.19794723698396, 0.0], [29.2710374910634, 10.025517472879097, 0.0], [29.29535751675004, 9.676513374371655, 0.0], [29.31389078391242, 9.08251043189595, 0.0], [29.331485657800904, 8.685882874729547, 0.0], [29.320694135156565, 7.967933820641421, 0.0], [29.304115853976853, 7.210728647924613, 0.0], [29.239757715262893, 6.435459404676814, 0.0], [29.23936671806636, 6.432018629340091, 0.0], [29.18705129304343, 5.865854687328171, 0.0], [29.080074459796144, 5.096763199806726, 0.0], [29.021346680736727, 4.735481789298112, 0.0], [28.85877004600229, 3.908522716539621, 0.0], [28.638325826036358, 2.940961051554135, 0.0], [28.489199494909368, 2.367368162788624, 0.0], [28.301286241779522, 1.7198768036948324, 0.0], [28.056052799495557, 0.9953589966893853, 0.0], [27.82223647537927, 0.34825863479212876, 0.0], [25.815951655450142, -4.664794634067436, 0.0], [25.727977286007754, -4.8937625929333555, 0.0], [25.681214021193387, -5.011452749390118, 0.0], [25.62678721129584, -5.144782793744354, 0.0], [25.547336580753445, -5.352089507870064, 0.0], [24.754003266985748, -7.308639484265546, 0.0], [24.38904648281637, -8.255947494418898, 0.0], [23.989525546393374, -9.28841469419571, 0.0], [23.617843610425837, -10.290853309196482, 0.0], [23.067632354078604, -11.739576125454043, 0.0], [22.51374572407062, -13.21981331582781, 0.0], [22.290408124848117, -13.830238140599612, 0.0], [22.174594754939157, -14.11050493178247, 0.0], [22.024530030527146, -14.41767233015521, 0.0], [21.852178465868256, -14.69668793030527, 0.0], [21.672006957245337, -14.97202815680013, 0.0], [21.457193096922833, -15.259254698099634, 0.0], [21.204139710697078, -15.53897409320512, 0.0], [20.82643641788957, -15.935679849809166, 0.0], [20.50355093217615, -16.196787778314633, 0.0], [20.21874857349627, -16.406675073946353, 0.0], [20.0323211097177, -16.524287030957144, 0.0], [19.787713262957073, -16.668955994041422, 0.0], [19.430576422740607, -16.85640005053431, 0.0], [18.784336254671263, -17.18163151943248, 0.0], [18.026427286996228, -17.560898801026106, 0.0], [14.60332502214169, -19.27213713569721, 0.0], [13.502198714477897, -19.822270192609565, 0.0], [13.26197003632512, -19.944730514873488, 0.0], [13.039649029811384, -20.043965603605507, 0.0], [12.852986967717117, -20.125918616205166, 0.0], [12.696744487584311, -20.188712766127427, 0.0], [12.533151260141107, -20.245407359766542, 0.0], [12.331787703426045, -20.309139902962706, 0.0], [12.150365003767561, -20.362784718461626, 0.0], [11.937427930003974, -20.41947931210352, 0.0], [11.754988637636721, -20.461003214482105, 0.0], [11.55886444335743, -20.499477338717725, 0.0], [11.363756841798022, -20.537951462953348, 0.0], [11.18866829675228, -20.565243067339757, 0.0], [11.008262189813667, -20.589563093023624, 0.0], [10.844668962370463, -20.606766969715565, 0.0], [10.701016592006063, -20.619904475553003, 0.0], [10.544695912427283, -20.632025388676116, 0.0], [10.372735344964912, -20.640158130385135, 0.0], [10.163004448208468, -20.650245858082382, 0.0], [9.715156258173863, -20.66447815607178, 0.0], [9.475005779455948, -20.669482920197414, 0.0], [8.892967351219728, -20.688719982318002, 0.0], [8.218653584379233, -20.706940451721493, 0.0], [7.847206246738503, -20.716167985582473, 0.0], [7.6187856839388335, -20.72414432841066, 0.0], [7.14575727437855, -20.74033161238828, 0.0], [6.843751039017832, -20.74744776138298, 0.0], [6.576308955910726, -20.75956867450887, 0.0], [6.230198236665407, -20.786938478332925, 0.0], [5.824577743956483, -20.815715872073387, 0.0], [5.096071765534138, -20.86349572960763, 0.0], [4.528109236417588, -20.907365615170978, 0.0], [4.144306387324159, -20.9387235904119, 0.0], [3.7698874709808816, -20.96914317237892, 0.0], [3.4835993229608286, -20.993384998625146, 0.0], [3.43847824636746, -20.99721677116118, 0.0], [3.3012382300395493, -21.00894668708498, 0.0], [3.17424234027861, -21.019738209737653, 0.0], [2.8942101474142112, -21.046091420850164, 0.0], [2.6047158223648115, -21.075416210665217, 0.0], [2.321555651928142, -21.106774185906144, 0.0], [2.035267503896987, -21.137115568435522, 0.0], [1.7342778612450371, -21.175589692671142, 0.0], [1.4217929009905372, -21.218130187758497, 0.0], [1.0483905773560176, -21.271775003260196, 0.0], [0.6845285853413818, -21.324403226047576, 0.0], [0.36258149290187003, -21.376014856117852, 0.0], [0.042667585890998616, -21.427626486193688, 0.0], [-0.24674853971242694, -21.481349501133025, 0.0], [-1.0892693009307786, -21.657767436654765, 0.0], [-1.8381071336173338, -21.845446091463348, 0.0], [-2.6055564329122483, -22.076056238561378, 0.0], [-3.3880982240356072, -22.342481728954155, 0.0], [-4.159066498110437, -22.645504557029184, 0.0], [-4.825403922128302, -22.937970460775574, 0.0], [-5.465857331662272, -23.248969631684346, 0.0], [-5.975483078915933, -23.528063431274827, 0.0], [-6.4613361965492055, -23.801761469540356, 0.0], [-6.804944533734492, -24.013525551717112, 0.0], [-7.141827719121608, -24.220441268646287, 0.0], [-7.425963196737917, -24.41531702525782, 0.0]], [[-7.292864188013459, -24.41531702525782, 0.0], [-7.088339302497965, -24.27854345219903, 0.0], [-6.7656102156653795, -24.0689689543262, 0.0], [-6.418561103146153, -23.860880245804644, 0.0], [-5.938260145710328, -23.58381963164281, 0.0], [-5.427305007986233, -23.311216385529242, 0.0], [-4.788259188357557, -22.998340428072662, 0.0], [-4.117933592928385, -22.70384133890318, 0.0], [-3.3570530465507953, -22.40355549120389, 0.0], [-2.5836605898507834, -22.142447562698422, 0.0], [-1.8259080210565826, -21.927320904625365, 0.0], [-1.0679208539466856, -21.720092389940074, 0.0], [-0.24463715484892012, -21.552667389960842, 0.0], [0.08309669611484827, -21.49448700696768, 0.0], [0.38041096511716166, -21.445846955597172, 0.0], [0.6509810257965376, -21.402368067233137, 0.0], [0.9372691738165906, -21.358810979428686, 0.0], [1.1952491247497865, -21.321353447904606, 0.0], [1.4479897132249842, -21.281940930395084, 0.0], [1.6441139075042743, -21.255587719282573, 0.0], [1.8695628915902818, -21.228217915455744, 0.0], [2.145372314727656, -21.198893125643462, 0.0], [2.464191429583784, -21.164485372259573, 0.0], [2.6529648765415637, -21.141181939287254, 0.0], [2.8386103459270617, -21.121944877172222, 0.0], [3.1091804066064377, -21.097703050925997, 0.0], [3.315314129148106, -21.07963898039779, 0.0], [3.4560731202559425, -21.064781086893383, 0.0], [3.7121762846302198, -21.046091420850164, 0.0], [3.993303269649351, -21.02278798787784, 0.0], [4.365610801129128, -20.993384998625146, 0.0], [4.59629914766203, -20.97320954323343, 0.0], [4.87844272538992, -20.9529558884013, 0.0], [5.04618052313639, -20.94177336855209, 0.0], [5.1458848084970255, -20.93637760722714, 0.0], [5.862973668751681, -20.890161738479033, 0.0], [6.336705873270176, -20.855753985097923, 0.0], [6.777672512636901, -20.830417366699734, 0.0], [7.226537295391378, -20.815246675436434, 0.0], 