{"type": "block", "layer": 70, "block": 0, "features": [{"geom": {"lines": [[[3.395859551834135, -3.5848603745124974, 0.0], [3.4774215672400355, -3.5961992932425417, 0.0], [3.4828173285677666, -3.5602275510697385, 0.0], [3.401255313161866, -3.548888632342473, 0.0], [3.395859551834135, -3.5848603745124974, 0.0]]]}, "mtl": 0}, {"geom": {"lines": [[[3.4015681109235363, -3.544431264288648, 0.0], [3.4832083257642976, -3.5558483824563347, 0.0], [3.4885258876460545, -3.51987664028631, 0.0], [3.406963872240143, -3.508537721559042, 0.0], [3.4015681109235363, -3.544431264288648, 0.0]]]}, "mtl": 0}]}