{"type": "block", "layer": 71, "block": 0, "features": [{"geom": {"lines": [[[23.496634479200274, 7.204863689929372, 0.0], [23.952771809852514, 7.022737195326571, 0.0]]]}, "mtl": 0}]}