{"type": "block", "layer": 106, "block": 0, "features": [{"geom": {"polygons": [[[[-0.3542727690259706, 10.89439144519882], [-0.2471395369089635, 10.966178530666365], [-0.12155123706443227, 11.030223871618652], [0.03555143689630835, 11.074797552134651], [0.18053319774226084, 11.076908937003713], [0.4396861402539587, 11.017790160736645], [0.5741891762061302, 10.940138117309974], [0.6880475601213076, 10.843952806720923], [0.7897850309216969, 10.726262650264157], [0.8460104279210845, 10.600908948740884], [0.8771338048407573, 10.46765710382429], [0.8820603695370854, 10.331120882449026], [0.8604773242261721, 10.19607045042504], [0.8133230622041632, 10.06727597356227], [0.742083372822322, 9.94919481991175], [0.6706872845485212, 9.866381613478607], [0.5874048814756505, 9.794594528013837], [0.4651009580953325, 9.720539658801945], [0.33044152327343923, 9.670335618639749], [0.18835314168405004, 9.64562459575657], [0.043996976361437845, 9.64734498342354], [-0.0973876102586202, 9.675496781646217], [-0.2307176546100853, 9.728985198269859], [-0.35106659200772605, 9.805933446741102], [-0.45413345327856014, 9.903526347241014], [-0.5309253028689676, 10.009251989449943], [-0.5765155761048468, 10.132807103865828], [-0.6043545765602953, 10.258004406513821], [-0.6128001160365437, 10.401265779687243], [-0.5896530819395007, 10.505036435907948], [-0.5539159380851755, 10.613108061301636], [-0.5002711225806977, 10.70405400944658], [-0.4405267508013955, 10.804931286407932], [-0.3542727690259706, 10.89439144519882]]]], "centroids": [[0.13563196860009175, 10.358109156822866, 0.0]], "h": 0.0}, "mtl": 0}, {"geom": {"polygons": [[[[-6.20891535561957, 2.627559917572844], [-3.0548305961937805, 3.728816630182636], [-3.829987020162556, 1.7000451620501065], [-4.311118593630142, 1.73212060027887], [-4.802941979843428, 1.4969007199179334], [-5.775896939490965, 1.4835359539858055], [-6.20891535561957, 2.627559917572844]]]], "centroids": [[-4.641263113476918, 2.457007788812114, 0.0]], "h": 0.0}, "mtl": 0}, {"geom": {"polygons": [[[[18.219423503692123, 18.465661177998857], [19.213093422961492, 18.057599832409846], [19.042024419041415, 17.362632003964382], [19.63007412003267, 17.148795749058728], [19.352086988655593, 16.32552616766765], [19.870639906794253, 16.18653260197911], [20.661834049942694, 18.057599832409846], [21.132273810742376, 18.2714360873155], [21.44233638035655, 18.153826147118355], [22.69862437792627, 18.795334911835326], [24.646822396502476, 15.325706447909141], [25.189816747585414, 16.763890490227435], [26.851363680642628, 20.18081654560285], [27.12102210133501, 19.22255355297067], [27.96213527264806, 16.25824739968155], [28.684691035820464, 13.657628398600798], [28.748665235182724, 13.38551279005516], [22.602936858700705, 15.750155521246157], [22.433157229360347, 15.345296405139013], [20.111747297492812, 16.194194551815823], [19.863607839232966, 15.515076034473818], [19.089804528625276, 15.81545537868369], [18.86125502759529, 15.188576747291716], [17.16971614748114, 15.811542371738053], [18.219423503692123, 18.465661177998857]]]], "centroids": [[23.65652378393259, 16.503174307719, 0.0]], "h": 0.0}, "mtl": 0}, {"geom": {"polygons": [[[[-15.28225494564856, -7.107335585661259], [-14.58720358809571, -6.936809525638422], [-8.818970612718607, -4.605994347456554], [-8.24161272453972, -5.755364217430328], [-8.867083770068696, -5.969200472310979], [-8.626517983329347, -6.562596079600061], [-14.608670742791718, -8.818025624667573], [-15.28225494564856, -7.107335585661259]]]], "centroids": [[-11.728919242066805, -6.739402891722164, 0.0]], "h": 0.0}, "mtl": 0}, {"geom": {"polygons": [[[[20.840434117563277, 20.694814400505134], [20.398997133489782, 21.51732008262852], [22.184529861699364, 22.361973289385976], [22.96745948759171, 24.41531702525782], [26.159428695611442, 24.41531702525782], [26.275604795109807, 24.01008735482428], [26.317601059870064, 23.94040393768866], [26.293124635313703, 23.958389808776452], [26.264972837085466, 23.970197924140663], [26.234631454558865, 23.9752026882663], [26.203977274270596, 23.97293490452196], [26.17480888333359, 23.96370737066098], [26.148690270545117, 23.94798928332031], [26.127341823561025, 23.926640836336215], [26.112249331732585, 23.901695215134563], [26.10356919395175, 23.874090812989255], [26.101927005719638, 23.844609624296137], [26.069070284675945, 23.809495263527186], [26.03819446252902, 23.77649791248657], [26.00278376354336, 23.745624647852555], [25.97899748681598, 23.72488628241629], [25.878792608772237, 23.585723913032478], [25.78875365668264, 23.521246683475855], [25.3824139628398, 23.22988383035413], [24.89579382765692, 22.94640370863801], [24.45121503722085, 22.69046409665403], [23.934049935622415, 22.41363973217127], [20.840434117563277, 20.694814400505134]]]], "centroids": [[23.445300924915212, 22.984161139122744, 0.0]], "h": 0.0}, "mtl": 0}, {"geom": {"polygons": [[[[15.86740355809444, -16.234046504399167], [18.2453046866768, -15.681795426223399], [17.929271919449008, -16.519346697418555], [19.19871465344113, -16.97308847000449], [18.523996470998718, -17.311908856496284], [17.797850325326834, -17.373767542303224], [17.591247406153766, -17.395819784242747], [17.435786920425144, -17.42647396452824], [17.286034993774802, -17.46791966746641], [14.092897922648906, -19.037600966729233], [15.927274408161606, -16.895632944959647], [15.86740355809444, -16.234046504399167]]]], "centroids": [[16.74830082627501, -17.09347956637023, 0.0]], "h": 0.0}, "mtl": 0}, {"geom": {"polygons": [[[[38.07002073424227, 6.340621869452841], [34.76166362453532, 0.2303358479119559], [32.7117963221196, -5.075588524426818], [32.63483558575179, -5.291196006474165], [32.43013844815589, -5.199053204769398], [32.28374909740464, -5.084647424776856], [32.19772971395602, -4.969303251504855], [32.16731013198345, -4.850283704580432], [32.163400160006994, -4.750032023136869], [32.17176750003726, -4.648216352901614], [32.20023209601606, -4.544602095558969], [32.28093391758292, -4.365681777974413], [32.31620186480586, -4.215382455246708], [32.32519480034837, -3.9523195407530145], [32.169421516858066, -2.6567894264880656], [32.16238356729823, -2.3988876750008457], [32.22791469760179, -2.134651768917553], [32.336299120754376, -1.9072477988377678], [32.576918796114796, -1.5513621496568826], [32.63197120152458, -1.436799970783506], [32.67826526970754, -1.2986215611761356], [32.685616017017935, -1.1629455336399157], [32.66778654481376, -0.902932397286412], [32.10822387725113, 3.665538703159952], [31.655103803234887, 5.017312569258772], [31.378277787388743, 5.498630119408906], [31.044713343237728, 6.500911587136739], [33.35445582309584, 6.595924654542183], [34.42398955719745, 6.639012545706909], [35.04637889621155, 6.627360829223527], [38.108342689004274, 6.4070465910501095], [38.07002073424227, 6.340621869452841]]]], "centroids": [[34.06981502063331, 2.764016205692821, 0.0]], "h": 0.0}, "mtl": 0}, {"geom": {"polygons": [[[[8.108380589800767, 23.222653062324895], [9.94053020457467, 24.41531702525782], [10.471410167706296, 24.41531702525782], [9.931299509011248, 23.35375174249279], [8.876467269541555, 22.60030014286604], [8.415403374226315, 22.28515640166512], [8.00610750785664, 22.072844923410994], [7.730845480807746, 21.975017424589833], [7.08648209929732, 21.790701345680326], [6.817623069199941, 22.08216256432866], [7.385269446386866, 22.473844771279005], [8.108380589800767, 23.222653062324895]]]], "centroids": [[8.736278267929187, 23.08588324598999, 0.0]], "h": 0.0}, "mtl": 0}]}