{"type": "block", "layer": 17, "block": 0, "features": [{"geom": {"lines": [[[-32.052024574871375, -9.322431450388624, 0.0], [-32.293035247417215, -9.280125553616967, 0.0], [-32.585188353407496, -9.484538888480548, 0.0], [-33.02341801238736, -9.512690686703223, 0.0]], [[-26.614113751187706, -3.1366211872869276, 0.0], [-26.545923839943274, -3.0698388659477915, 0.0], [-26.464127226221674, -3.007122915465946, 0.0], [-26.37709125005318, -2.959499456806982, 0.0], [-26.295763832962976, -2.923918711833492, 0.0]], [[-26.295763832962976, -2.923918711833492, 0.0], [-26.216626000182252, -2.881612815061836, 0.0], [-26.11911129911998, -2.8148304937254816, 0.0], [-26.039426070273, -2.733815874399727, 0.0], [-25.986954246358117, -2.6447467128025948, 0.0], [-25.972252751737322, -2.546606416225315, 0.0], [-26.027539755462804, -2.458241049586388, 0.0]], [[-26.400707480781616, -2.763297063092843, 0.0], [-26.295763832962976, -2.923918711833492, 0.0]], [[-24.411782936425276, -8.50196293110982, 0.0], [-24.470510715495813, -8.41086058408682, 0.0], [-24.583743503898752, -8.392640114680553, 0.0], [-24.696507095659186, -8.400772856389574, 0.0], [-24.87214303679342, -8.431114238918953, 0.0], [-25.049264767267807, -8.458171244986888, 0.0]], [[-23.4749536511629, -11.02608443942808, 0.0], [-23.51061259558237, -10.937015277830945, 0.0], [-23.634324108879092, -10.807438806572327, 0.0], [-23.7329336020961, -10.77099786776257, 0.0]], [[-23.259514195339275, -12.563876417277218, 0.0], [-23.533681430233433, -11.851870520591415, 0.0], [-23.614226852919458, -11.809877421575875, 0.0], [-24.103207948147233, -11.641592227763159, 0.0], [-24.513520407225677, -11.505759801346102, 0.0], [-24.652950007863065, -11.276713643039765, 0.0], [-24.513520407225677, -11.149874152162438, 0.0]], [[-22.417306231871486, 6.381658190291503, 0.0], [-22.37601692781971, 6.3355987204214514, 0.0], [-22.356936264579957, 6.2788259273419245, 0.0], [-22.361706430384338, 6.177635852624454, 0.0], [-22.363270419170473, 6.134626160894595, 0.0], [-22.350602109978325, 6.096308435539808, 0.0], [-22.29648809784245, 6.070189822745779, 0.0], [-22.18528849486815, 6.042585420600468, 0.0], [-22.069240526643497, 6.0149810184551615, 0.0], [-21.956320535991114, 6.001217917102718, 0.0], [-21.86099541923832, 5.993554372030653, 0.0], [-21.795777086696432, 5.975099304308683, 0.0], [-21.717890444951284, 5.932167812019243, 0.0], [-21.644773969010515, 5.901513631733749, 0.0], [-21.56532333847923, 5.887672330940887, 0.0], [-21.48900068552022, 5.893850086664455, 0.0], [-21.42065437539495, 5.916840721875108, 0.0], [-21.337997567834304, 5.958208225372858, 0.0], [-21.26167491487529, 5.9674357592366185, 0.0], [-21.180660295557875, 5.956722436024362, 0.0], [-21.090027145163486, 5.92599005629845, 0.0], [-21.029657177871957, 5.883058564009004, 0.0], [-20.999393994780213, 5.837077293582152, 0.0], [-20.959668679514575, 5.800245357575861, 0.0], [-20.888116192371054, 5.761927632218298, 0.0], [-20.718032411445385, 5.702026861558165, 0.0], [-20.526834781862433, 5.674969855490231, 0.0]], [[-22.066738144572344, -12.6326137246018, 0.0], [-22.061498782125454, -12.57490253824559, 0.0]], [[-13.25311391637185, -3.8921059723367653, 0.0], [-13.308948316174702, -3.9204141694347228, 0.0], [-13.39121412653881, -3.9441085996063543, 0.0], [-13.473558136337783, -3.9706182095997016, 0.0], [-13.60125782104582, -4.000724993805048, 0.0], [-13.663660973765996, -4.022620836866512, 0.0], [-13.749758556660579, -4.06828930953725, 0.0], [-13.789014675294824, -4.089715955961761, 0.0], [-13.835856139555169, -4.109344015278884, 0.0], [-13.908659817734264, -4.1385906056535235, 0.0], [-14.043006454805601, -4.20068096062036, 0.0], [-14.086563542612835, -4.221638410407921, 0.0], [-14.128869439384495, -4.254091177800806, 0.0]], [[-5.010032798793923, -1.3892547115649607, 0.0], [-4.850349543327176, -1.2988561594973878, 0.0], [-4.431122348141087, -1.0613644617203597, 0.0], [-4.171031012355492, -0.7212750993177833, 0.0], [-3.8396217877309624, -0.5107622081710501, 0.0], [-3.780268413148197, -0.4783876402185838, 0.0], [-3.646625571035067, -0.4055057626018525, 0.0], [-3.6298908909856262, -0.3491239667160788, 0.0], [-3.6214453515204914, -0.3205029718592292, 0.0], [-3.4200817947943163, -0.17067284576847658, 0.0], [-3.3865342352494663, -0.09779096815174253, 0.0]], [[1.3514916048714798, 6.466895579349819, 0.0], [1.4815372727698395, 6.466895579349819, 0.0], [1.6445049047008053, 6.339274094079428, 0.0]], [[-0.19865588441650983, 15.798356495950369, 0.0], [-0.22579108992486496, 15.755581402541766, 0.0], [-0.2426821688551406, 15.706863151728061, 0.0], [-0.26496900911313626, 15.643678004609264, 0.0]], [[0.44336151391470846, -7.644740675262365, 0.0], [0.5009163013845241, -7.5839797107687446, 0.0], [0.5240633354815727, -7.540422622967068, 0.0], [0.520935357898189, -7.486856006905788, 0.0], [0.37986356903979557, -7.259608435704061, 0.0], [0.3562473383002418, -6.9594789868883815, 0.0], [0.3358372845900459, -6.875336389982024, 0.0]], [[1.4325844236459884, -6.6021075483534455, 0.0], [1.574203608581748, -6.461426756686032, 0.0], [1.7671216258427935, -6.32786211401332, 0.0], [1.9181247435175908, -6.182098358777079, 0.0], [2.067094675774861, -6.044467345249856, 0.0], [2.1908061890715813, -5.935144528823368, 0.0], [2.3439206916210042, -5.888615862319145, 0.0], [2.543172863483678, -5.8258217123968805, 0.0], [2.6711853459533863, -5.76709393332635, 0.0], [2.7776147831121922, -5.658318512977231, 0.0], [2.8221884636281835, -5.629462919801905, 0.0], [2.8364989610635605, -5.624458155670712, 0.0], [2.8646507592806847, -5.620391784818981, 0.0], [2.992194045119001, -5.669813830585333, 0.0]], [[5.135327884168383, -16.698593581623708, 0.0], [4.9444430523359895, -16.639865802555956, 0.0], [4.780849824892785, -16.54673027010709, 0.0], [4.611000642293927, -16.411132442005734, 0.0], [4.367643986557768, -16.210707278556246, 0.0], [4.237598318659419, -16.064943523320004, 0.0], [4.090817970711624, -15.95765389232216, 0.0], [3.988063907202466, -15.896892927825764, 0.0], [3.688090857259274, -15.734941888611898, 0.0], [3.5035401800285193, -15.56900267798394, 0.0], [3.373494512141273, -15.398918897063833, 0.0], [3.2350033047777838, -15.30171699375768, 0.0], [3.0588199675661842, -15.241034228704478, 0.0], [2.8953831390038154, -15.124986260479824, 0.0], [2.7106760629033277, -14.917132150276748, 0.0], [2.088364923324093, -14.040672832314259, 0.0], [2.066234481946938, -14.016040008868721, 0.0]], [[5.566754191915225, 5.850762195494178, 0.0], [5.5476735286754675, 5.828788152995074, 0.0], [5.533754028436633, 5.808221700406823, 0.0], [5.523666300739394, 5.787342450059681, 0.0], [5.518192339976801, 5.767479792424082, 0.0], [5.514673365196887, 5.747851733109737, 0.0], [5.512640179779349, 5.705311238016826, 0.0], [5.511623587059478, 5.665820521066883, 0.0], [5.508730207802904, 5.636182933495714, 0.0], [5.498173283463148, 5.580895929767459, 0.0], [5.4868343647414335, 5.52787670978077, 0.0], [5.471350875716463, 5.4389639470644715, 0.0], [5.466737108781805, 5.4034614015313975, 0.0], [5.463296333447854, 5.373276417882857, 0.0], [5.454459796786182, 5.253474876562587, 0.0], [5.450393425928901, 5.167690091426899, 0.0], [5.444684866850613, 5.120535829404886, 0.0], [5.437803316171608, 5.088943255845487, 0.0], [5.423414619301381, 5.056490488452599, 0.0], [5.387599276012189, 4.985563596821318, 0.0], [5.354520913098737, 4.920814460910828, 0.0], [5.3337980616268705, 4.884217123223016, 0.0], [5.314013603428913, 4.854579535651842, 0.0], [5.282421029877849, 4.813055633276031, 0.0], [5.247387680970617, 4.775363503433477, 0.0], [5.216029705735248, 4.744631123710346, 0.0], [5.18443713217307, 4.714837137255554, 0.0], [5.158787716015989, 4.692393898119502, 0.0], [5.10013813639143, 4.648993209195884, 0.0], [4.952810392366269, 4.54694294064215, 0.0], [4.804153257870669, 4.444970871528835, 0.0], [4.715084096273536, 4.383975308713965, 0.0], [4.644470002392809, 4.331972681444377, 0.0], [4.582301447988324, 4.281064846326744, 0.0], [4.509028573177842, 4.21787969920795, 0.0],