{"type": "block", "layer": 20, "block": 0, "features": [{"geom": {"lines": [[[-5.59214942646501, -9.262061483091538, 0.0], [-5.951866848187493, -9.409858423753647, 0.0], [-6.138607109716626, -9.477657337804324, 0.0], [-6.237529400695313, -9.465692823559271, 0.0], [-6.291643412831188, -9.408841831039325, 0.0], [-6.948127707467499, -9.499944178062323, 0.0], [-7.111799134345564, -9.568759684827324, 0.0], [-7.421938111420856, -9.615835747408918, 0.0], [-8.305357179505569, -9.722108785692438, 0.0], [-9.951768178820252, -9.919014974364785, 0.0], [-10.404855731312862, -9.953657326064372, 0.0], [-10.717340691567362, -9.983764110275274, 0.0], [-10.92707158832381, -10.018171863656388, 0.0], [-11.115845035281586, -10.050546431611632, 0.0], [-11.266848152967501, -10.056645987894788, 0.0], [-11.467742513051165, -10.095823907083057, 0.0], [-11.566821202899574, -10.117406952388405, 0.0], [-11.7346372000809, -10.145715149486362, 0.0], [-12.472136114045746, -10.202096945372134, 0.0], [-12.945399121921735, -10.205459521271218, 0.0], [-13.154582622600813, -10.198343372276518, 0.0], [-13.402083848629125, -10.16800198974714, 0.0], [-13.51953940675908, -10.127494680085654, 0.0], [-13.6349617794715, -10.074866457295496, 0.0], [-13.693689558542038, -10.044525074768895, 0.0], [-13.768057225507269, -10.04780945122756, 0.0], [-13.832102566459554, -10.050546431611632, 0.0], [-13.88660757579196, -10.058679173320652, 0.0], [-13.9600368494944, -10.050546431611632, 0.0], [-14.85424744022345, -9.77559720231608, 0.0], [-16.141879411100668, -9.404931859062872, 0.0], [-16.66644125129082, -9.262061483091538, 0.0], [-16.787415784200693, -9.226715336433744, 0.0], [-16.931380952337882, -9.157274234153734, 0.0], [-17.215635914929283, -9.061870917960526, 0.0], [-17.404096564136502, -8.997903776445883, 0.0], [-17.605460120862677, -8.841426697997385, 0.0], [-17.676778009690498, -8.76111587362706, 0.0], [-17.77327611803289, -8.62747303151393, 0.0], [-17.88025295128018, -8.416960140367197, 0.0], [-18.028362689698408, -8.113546315090074, 0.0], [-18.25779984520684, -7.643645883113181, 0.0], [-18.33857986620856, -7.51719738943239, 0.0], [-18.45282924733138, -7.381521361893391, 0.0], [-18.546121178655532, -7.2934687930105815, 0.0], [-18.67835643085225, -7.180079605729582, 0.0], [-18.811530076333995, -7.093043629563872, 0.0], [-20.065770886547195, -6.538453204597694, 0.0], [-20.180724062617113, -6.408642135020599, 0.0], [-20.444568971498324, -6.29580034381697, 0.0], [-21.010654714067062, -6.031329839412421, 0.0], [-21.71226008530786, -5.779293045892658, 0.0], [-23.319258567118577, -5.013720533145574, 0.0], [-23.55174550076442, -4.904866913356036, 0.0], [-23.958695383943784, -4.831985035736527, 0.0], [-24.87527101436569, -4.955461950711993, 0.0], [-25.166798524843742, -4.961483307557506, 0.0], [-25.466771574775816, -4.921054197333659, 0.0], [-26.03520330053487, -4.802816644802306, 0.0], [-26.607779596586077, -4.659868069387775, 0.0], [-26.77137282402928, -4.597152118905929, 0.0], [-26.970624995880836, -4.491895673331172, 0.0], [-27.300001035076722, -4.1295194706705995, 0.0], [-27.41534520834317, -3.9007861101203787, 0.0], [-27.442558613297496, -3.7510341834700416, 0.0], [-27.434191273267228, -3.1862778313689777, 0.0], [-27.41948977863532, -3.1558582494019585, 0.0], [-27.385942219090474, -3.1255168668753575, 0.0], [-27.13234143677623, -3.028314963571983, 0.0], [-27.044054269583274, -2.9716985693705142, 0.0], [-26.632959816111768, -2.8562761966608714, 0.0], [-26.400707480781616, -2.763297063092843, 0.0], [-25.972252751737322, -2.546606416225315, 0.0], [-25.49617456402851, -2.2530457203269645, 0.0], [-25.133250965298892, -2.0971942373962533, 0.0], [-24.850247193731956, -1.9891226119997858, 0.0], [-24.277514498799913, -1.79151262837479, 0.0], [-24.059338062578327, -1.7004884807894298, 0.0], [-23.797213541364087, -1.5344710707210547, 0.0], [-23.637764884213038, -1.4109941557455885, 0.0], [-23.48050581137146, -1.3158254378680796, 0.0], [-23.35249332890175, -1.2631972150834794, 0.0], [-23.225575638586783, -1.2222989082226796, 0.0], [-22.88478248123433, -1.1377653141197879, 0.0], [-22.582463448100825, -1.11321069011189, 0.0]], [[-20.86520375658971, -0.6710710591555832, 0.0], [-20.667750171839987, -0.45352021845734813, 0.0], [-20.403514265762247, -0.23901915589652442, 0.0], [-19.803568165886983, 0.4654013951576282, 0.0], [-19.34422465823872, 0.8804058206083578, 0.0], [-19.20581165031009, 0.9775295244713162, 0.0], [-19.115647696569326, 1.0626105146515767, 0.0], [-18.748579527536446, 1.3115193305935158, 0.0], [-18.535642453761753, 1.4339796528574387, 0.0], [-18.313321447248015, 1.5574565678356806, 0.0], [-17.995597124546624, 1.7143246434807162, 0.0], [-17.710325569235348, 1.8418679293134697, 0.0], [-17.303375686055983, 1.9937312408273118, 0.0], [-16.912222089652158, 2.1131417849510425, 0.0], [-16.313370781931635, 2.2477230203380762, 0.0], [-15.792171517640563, 2.3216214906719075, 0.0], [-15.136703815713016, 2.3640837863188437, 0.0], [-14.264467267480295, 2.371121735875905, 0.0], [-13.61814889997609, 2.376282898885154, 0.0], [-12.347095210278585, 2.396536553714507, 0.0], [-12.101705369113786, 2.4025579105572437, 0.0], [-11.865777660133997, 2.407328076367182, 0.0]], [[-9.388888613269758, -1.860406334577428, 0.0], [-9.548102672105113, -1.9500228922463747, 0.0]], [[9.891886991451715, -19.74399255367622, 0.0], [9.89673535670208, -19.714902362182418, 0.0], [9.89540596623164, -19.692850120240116, 0.0], [9.88461444357619, -19.678461423369885, 0.0], [9.864204389865993, -19.66634051024955, 0.0], [9.450998551530976, -19.520654954450947, 0.0], [9.338078560878593, -19.470059917092215, 0.0], [9.153527883647827, -19.36973003620823, 0.0], [9.109267000893507, -19.35049297409042, 0.0], [9.05953215736548, -19.333601895157372, 0.0], [8.986337481989848, -19.318196605575594, 0.0], [8.888744581492713, -19.30200932159797, 0.0], [8.814298715081515, -19.28277225948016, 0.0], [8.341895901033446, -19.10064576487458, 0.0], [7.770805394333513, -18.88192193258119, 0.0], [7.685880803039646, -18.84548099377143, 0.0], [7.627153023969113, -18.817172796673475, 0.0], [7.538005662937108, -18.76149479574591, 0.0], [7.232793250547031, -18.55497007601327, 0.0], [5.260837984566946, -17.044782500309438, 0.0], [2.194716161048038, -14.718740172255904, 0.0], [2.120270294636839, -14.647891480065038, 0.0], [1.9660609999437861, -14.45051609475574, 0.0], [1.9493263198832378, -14.426196069071876, 0.0], [1.9451035501562242, -14.398904464682683, 0.0], [1.9493263198832378, -14.364496711301573, 0.0], [2.0646704931496895, -14.045599397002256, 0.0], [2.066234481946938, -14.016040008868721, 0.0], [2.050985591237653, -13.986949817374919, 0.0], [2.023772186294437, -13.95958001354809, 0.0], [1.9845942671061656, -13.939248159278316, 0.0], [1.8538448042496047, -13.89178109950019, 0.0], [1.8234252222881442, -13.886698135931356, 0.0], [1.7972284100536973, -13.894830877637597, 0.0], [1.66929412701885, -14.036528262019333, 0.0], [1.6357465674739946, -14.0628032736942, 0.0], [1.6000876230545247, -14.08204033581201, 0.0], [1.5392484591204902, -14.091189670232575, 0.0], [1.4815372727698395, -14.087123299380846, 0.0], [1.3651765067835053, -14.056781916854245, 0.0], [1.2707897833046156, -14.010175050909602, 0.0], [1.129170598368856, -13.907968383477813, 0.0], [1.0088216609712153, -13.790982021979255, 0.0], [0.6201704466274327, -13.48686440174393, 0.0], [0.4569682163918731, -13.386690919740783, 0.0], [0.3552307455914727, -13.311775856695405, 0.0], [0.266083384559479, -13.229822844095748, 0.0], [0.18428677083788259, -13.179227806734238, 0.0], [-0.08737808200734998, -12.975752865144562, 0.0], [-1.0343732944018358, -12.289709182374734, 0.0], [-1.1207054756121215, -12.208616363611343, 0.0], [-1.2267439155743909, -12.150748778377075, 0.0], [-1.3414624933286101, -12.06472939492013, 0.0], [-1.5529137777520297, -11.87188957710507, 0.0], [-1.7086870612423255, -11.759125985339082, 0.0], [-1.8786926427220185, -11.66411366634241, 0.0], [-2.056909165351156, -11.51819351222811, 0.0], 