{"type": "block", "layer": 21, "block": 0, "features": [{"geom": {"lines": [[[27.751309583747986, -2.743434405460022, 0.0], [27.80503259868733, -2.6755572919689246, 0.0], [27.850388273596394, -2.564826885628805, 0.0], [27.892224973725543, -2.471769552620358, 0.0]], [[27.892224973725543, -2.471769552620358, 0.0], [27.91732699381636, -2.411555984204106, 0.0]], [[27.91732699381636, -2.411555984204106, 0.0], [27.859694006900572, -2.3889563461844365, 0.0]], [[27.859694006900572, -2.3889563461844365, 0.0], [27.835061183452257, -2.449873709558891, 0.0], [27.79463207322841, -2.5434784386447093, 0.0], [27.74974559495074, -2.6568676259284842, 0.0], [27.751309583747986, -2.743434405460022, 0.0]], [[27.892224973725543, -2.471769552620358, 0.0], [28.19141602927566, -2.5863317314937344, 0.0], [29.005315795634377, -2.9050726469149937, 0.0]], [[29.005315795634377, -2.9050726469149937, 0.0], [28.507419964310078, -4.068993104495456, 0.0]], [[27.91732699381636, -2.411555984204106, 0.0], [27.97769696110789, -2.2575030883807865, 0.0], [28.533225779347994, -0.974093887236173, 0.0]], [[28.533225779347994, -0.974093887236173, 0.0], [28.56857192600579, -0.8763445878554276, 0.0]], [[28.56857192600579, -0.8763445878554276, 0.0], [28.500929410827613, -0.8516335649722501, 0.0]], [[28.500929410827613, -0.8516335649722501, 0.0], [28.454400744328943, -0.9382785439414254, 0.0]], [[28.454400744328943, -0.9382785439414254, 0.0], [27.922644555698117, -2.2292730907176908, 0.0], [27.859694006900572, -2.3889563461844365, 0.0]], [[27.91732699381636, -2.411555984204106, 0.0], [28.21362467008768, -2.5276821518664003, 0.0], [29.026038647106244, -2.85518140450891, 0.0]], [[29.026038647106244, -2.85518140450891, 0.0], [29.005315795634377, -2.9050726469149937, 0.0]], [[29.005315795634377, -2.9050726469149937, 0.0], [29.058647813377192, -2.925639099503241, 0.0]], [[29.058647813377192, -2.925639099503241, 0.0], [29.080465456992677, -2.8761388542964705, 0.0]], [[29.080465456992677, -2.8761388542964705, 0.0], [29.026038647106244, -2.85518140450891, 0.0]], [[28.38722742579327, -11.51475273688861, 0.0], [28.470353429985305, -11.547283703721913, 0.0], [29.43142454148836, -11.92404860325272, 0.0]], [[29.43142454148836, -11.92404860325272, 0.0], [28.988346517258133, -13.061459450842616, 0.0]], [[28.454400744328943, -0.9382785439414254, 0.0], [28.533225779347994, -0.974093887236173, 0.0]], [[28.533225779347994, -0.974093887236173, 0.0], [28.819513927368035, -1.0734853748462487, 0.0], [28.873393341188212, -1.073954571483202, 0.0]], [[28.873393341188212, -1.073954571483202, 0.0], [28.854234478513607, -1.024767124032545, 0.0], [28.56857192600579, -0.8763445878554276, 0.0]], [[28.56857192600579, -0.8763445878554276, 0.0], [29.11901778066872, 0.5290557389161559, 0.0]], [[29.11901778066872, 0.5290557389161559, 0.0], [29.146778581700417, 0.5988096389522819, 0.0]], [[29.146778581700417, 0.5988096389522819, 0.0], [29.08156024914742, 0.623051465198509, 0.0]], [[29.08156024914742, 0.623051465198509, 0.0], [29.053252052049462, 0.5532193657219646, 0.0]], [[29.053252052049462, 0.5532193657219646, 0.0], [28.500929410827613, -0.8516335649722501, 0.0]], [[28.58272602454921, -4.093547728497796, 0.0], [29.058647813377192, -2.925639099503241, 0.0]], [[29.058647813377192, -2.925639099503241, 0.0], [29.229044392053417, -2.976781532939345, 0.0], [29.908597521351908, -3.2439890177251898, 0.0], [30.017685739451593, -3.2794133638206215, 0.0], [30.13725268245616, -3.2956006477954656, 0.0], [30.271442920646663, -3.2956006477954656, 0.0], [30.406727950991908, -3.274330400251788, 0.0], [31.054844905597946, -3.15288667070219, 0.0], [31.291711007862755, -3.1048722148466914, 0.0], [31.386723326853872, -3.0844621611365017, 0.0], [31.448031687430422, -3.0735142396057684, 0.0]], [[31.448031687430422, -3.0735142396057684, 0.0], [31.43716196534011, -3.014004466142168, 0.0]], [[31.43716196534011, -3.014004466142168, 0.0], [31.374289615977425, -3.025186985991378, 0.0], [30.39836061096164, -3.20778267723391, 0.0], [30.26190258902679, -3.227723534307149, 0.0], [30.150859384933327, -3.232962896754038, 0.0], [30.05146789732325, -3.2238135623306956, 0.0], [29.931118959925605, -3.192377387652133, 0.0], [29.370272579803757, -2.9806133054753796, 0.0], [29.080465456992677, -2.8761388542964705, 0.0]], [[29.053252052049462, 0.5532193657219646, 0.0], [29.11901778066872, 0.5290557389161559, 0.0]], [[29.11901778066872, 0.5290557389161559, 0.0], [29.844082983757115, 0.2698245969585001, 0.0], [30.36270166655328, 0.08152034663212603, 0.0]], [[29.186503896966066, -13.304581508263068, 0.0], [29.093759361708173, -13.217701930972638, 0.0], [29.04652690025129, -13.142786867927262, 0.0], [29.068970139390128, -13.061772248598729, 0.0], [29.089927589177687, -13.007892834784112, 0.0], [29.510171377072545, -11.954389985782097, 0.0]], [[29.510171377072545, -11.954389985782097, 0.0], [29.545673922611172, -11.868292402887514, 0.0]], [[29.545673922611172, -11.868292402887514, 0.0], [29.468021879181727, -11.838889413632039, 0.0]], [[29.468021879181727, -11.838889413632039, 0.0], [29.43142454148836, -11.92404860325272, 0.0]], [[29.43142454148836, -11.92404860325272, 0.0], [29.510171377072545, -11.954389985782097, 0.0]], [[29.510171377072545, -11.954389985782097, 0.0], [32.04625739963871, -12.893174257029896, 0.0], [32.298215993720845, -12.97426707579607, 0.0], [32.6537106457052, -12.993895135110414, 0.0], [32.894408520500484, -12.982790814701621, 0.0], [33.37533507344854, -12.914053507377039, 0.0], [33.452126923038946, -12.876361377534485, 0.0], [33.553316997761975, -12.79737994363738, 0.0], [33.60750920933272, -12.67233903987022, 0.0], [33.61595474879785, -12.571148965149973, 0.0], [33.58131239709826, -12.280950845150706, 0.0]], [[33.58131239709826, -12.280950845150706, 0.0], [33.56942608229918, -12.18132475922215, 0.0], [33.46729761430225, -11.507401989575435, 0.0]], [[33.46729761430225, -11.507401989575435, 0.0], [33.29580624347128, -10.446000997185656, 0.0]], [[29.391073630710483, 1.3865125930765334, 0.0], [29.335786626973892, 1.4227971330082285, 0.0], [29.172349798411524, 1.522345019499141, 0.0], [28.938533474295248, 1.644570743441809, 0.0], [28.90858308896518, 1.6788220979448607, 0.0], [28.90600250745916, 1.7549101525826212, 0.0], [29.24233829676891, 2.7706426723016584, 0.0], [29.465910494318216, 3.651246560559077, 0.0], [29.69198507391646, 4.404072564668038, 0.0], [29.896163810464348, 4.80758167250789, 0.0], [30.054830473222328, 5.101376966724714, 0.0], [30.21568672027868, 5.253553076000229, 0.0], [30.45427321021046, 5.330032127837295, 0.0], [30.760111218112762, 5.332065313263163, 0.0], [30.950370454421815, 5.281783073663325, 0.0], [31.073769169956865, 5.20905759492465, 0.0], [31.16494971641751, 5.134142531879275, 0.0], [31.260431232051133, 5.029589881259945, 0.0], [31.307976491269685, 4.926210222238551, 0.0], [31.45241085603827, 4.320711962154748, 0.0]], [[31.45241085603827, 4.320711962154748, 0.0], [31.712423992389006, 3.214268092609243, 0.0], [31.838246890549236, 2.2122986742426445, 0.0], [31.826751572946687, 2.1799241062901755, 0.0], [31.77326315632304, 2.1303456616429894, 0.0]], [[30.84675619707361, 1.773834416944314, 0.0], [30.75940742315456, 1.7495143912576687, 0.0], [30.57556054088201, 1.6374545944471106, 0.0], [30.454507808526156, 1.5212502273444037, 0.0], [30.193399880020678, 1.1042908159082245, 0.0], [30.13514129759266, 1.06659868606567, 0.0], [30.083764265832514, 1.047439823388279, 0.0], [30.02691327332091, 1.0538521774275504, 0.0], [29.953014802987067, 1.08309876780219, 0.0], [29.46207872177663, 1.3490550615552337, 0.0]], [[29.56936835277447, -4.305468209555386, 0.0], [29.76650913976252, -4.272155248326235, 0.0], [30.287395606303036, -4.168775589302066, 0.0], [30.588698046716654, -4.108249223124144, 0.0]], [[30.588698046716654, -4.108249223124144, 0.0], [30.934965164842822, -4.044829477686871, 0.0], [31.25620846232412, -3.985867100300642, 0.0], [31.553991927957824, -3.9334734758345182, 0.0], [31.61209411150502, -3.9178335879342647, 0.0]], 